studyID,date,number,company,words,status,region,country,list,numberrange,currency,pin,iban,colour
Q540,6/29/21,1,Mollis Lectus Corporation,aliquet magna a,Yes,Zakarpattia oblast,Turkey,5,2,$25.88 ,4319,1,#f79f9e
R247,5/13/23,2,Sit Amet LLP,et ultrices posuere,No,Guanajuato,Peru,1,1,$29.23 ,1120,1,#edcc97
U865,3/10/22,1,Amet Orci LLP,ridiculus mus. Proin,Yes,Haryana,Colombia,11,2,$57.24 ,6679,2,#17edc2
X818,12/8/21,1,Fringilla Purus PC,sagittis felis. Donec,No,Kerala,Philippines,17,7,$53.93 ,9502,2,#fcefb3
B051,3/21/23,9,Tincidunt Orci Company,interdum ligula eu,Yes,Casanare,Russian Federation,17,4,$8.61 ,8227,1,#a695f4
Q213,7/7/22,9,Lorem Limited,"velit dui, semper",Yes,Salzburg,Sweden,17,9,$31.09 ,6030,1,#45d84a
N519,10/24/21,5,Dapibus Quam Quis Institute,molestie dapibus ligula.,Yes,Northern Cape,United States,1,7,$54.06 ,6993,2,#87e5dc
Y816,7/8/22,9,Nulla Facilisis Industries,dui augue eu,Yes,North Island,Nigeria,15,4,$73.55 ,7491,2,#414faf
B561,7/31/21,8,Id Corporation,primis in faucibus,Yes,Gyeonggi,Australia,3,1,$34.66 ,1620,1,#71ed98
B154,9/8/21,9,Magna Corporation,pede. Cras vulputate,No,South Island,Turkey,15,8,$74.89 ,8096,1,#63c3ed
C876,10/6/22,0,Duis Volutpat Industries,Phasellus in felis.,Yes,Luxemburg,Philippines,17,9,$35.49 ,5074,2,#9aed71
I368,2/5/22,2,Dui Quis PC,aliquet molestie tellus.,Yes,North Island,South Korea,7,0,$44.07 ,9543,2,#5bd802
C344,7/15/22,5,Praesent Interdum Corporation,accumsan interdum libero,Yes,Victoria,Brazil,13,8,$50.12 ,9866,1,#b654ea
R511,3/16/22,9,Proin Non LLC,"in aliquet lobortis,",Yes,Aydın,China,1,2,$68.56 ,5045,1,#8f09c4
M344,2/24/23,0,Erat Sed Inc.,eget metus. In,No,Karnataka,Poland,9,8,$22.92 ,3170,2,#e8d96d
B381,10/26/21,5,Ligula Nullam Limited,"sit amet, consectetuer",Yes,Île-de-France,Norway,13,2,$6.86 ,3898,2,#dd1166
E591,8/13/22,6,Vehicula Aliquet LLC,varius. Nam porttitor,No,Gelderland,France,3,8,$5.48 ,5488,1,#5fddc6
X126,6/12/23,7,Nisl Foundation,Duis ac arcu.,No,Kincardineshire,Ireland,7,9,$21.01 ,6673,1,#37efa8
V452,3/8/22,6,Etiam Imperdiet Ltd,consectetuer adipiscing elit.,No,Minas Gerais,Australia,17,6,$62.93 ,5980,2,#a8f263
E585,12/27/22,7,Ut Cursus Associates,ad litora torquent,Yes,Jönköpings län,Ireland,1,5,$31.53 ,7387,2,#33d125
X865,3/31/22,3,Donec PC,lorem tristique aliquet.,No,Murcia,Poland,19,3,$83.11 ,7683,1,#767be2
I488,4/23/22,1,Consectetuer Incorporated,gravida nunc sed,No,Chernihiv oblast,Germany,5,8,$91.62 ,9528,1,#b1ed5e
U922,8/6/22,6,Vivamus Associates,magna. Cras convallis,Yes,Dorset,Canada,1,3,$68.26 ,5991,2,#dd52b6
Q688,2/25/23,0,Donec Vitae Erat LLC,sit amet ultricies,No,Banten,Indonesia,1,7,$11.86 ,5170,2,#c8b0f2
C319,12/6/22,2,Ut Nec Urna Incorporated,mollis. Phasellus libero,Yes,Cundinamarca,Philippines,19,7,$9.39 ,3775,1,#c9f490
K387,9/24/22,2,Velit Justo Nec Consulting,"Integer vulputate, risus",Yes,Swiętokrzyskie,Vietnam,9,0,$16.94 ,9713,1,#e658fc
U880,12/16/22,7,Nisl Arcu LLP,Curae Phasellus ornare.,No,West Region,China,5,1,$36.94 ,9430,2,#b23165
U048,3/18/22,7,Purus Sapien Gravida Ltd,Proin vel nisl.,No,Maule,Mexico,13,2,$20.37 ,4335,2,#ddffb2
H561,12/15/22,9,Cursus Et Industries,felis eget varius,Yes,Västra Götalands län,Brazil,3,3,$34.50 ,2496,1,#a028cc
P565,11/26/21,3,Ullamcorper Corp.,"non, sollicitudin a,",Yes,Bolívar,France,1,0,$47.41 ,9162,1,#f279a9
U240,8/20/22,3,Molestie Tellus Corp.,eleifend egestas. Sed,Yes,New Brunswick,Sweden,7,0,$8.43 ,8161,2,#f7ec20
O364,8/1/21,7,Pellentesque Ltd,odio. Phasellus at,No,Antofagasta,Brazil,3,1,$51.93 ,8599,2,#d15e8e
P821,9/26/21,0,Consectetuer LLC,Lorem ipsum dolor,No,Xīběi,Turkey,11,1,$28.85 ,9358,1,#05aa57
A149,8/4/21,6,Donec Egestas Duis LLC,Nulla dignissim. Maecenas,Yes,Đồng Nai,Russian Federation,9,3,$96.66 ,3854,1,#2385ba
N452,10/3/21,4,Enim Nec Corp.,"ligula tortor, dictum",Yes,Calabria,Ukraine,5,1,$83.26 ,3271,2,#f298d7
Z725,7/20/21,4,Nunc Ullamcorper Velit Corp.,adipiscing elit. Curabitur,Yes,Newfoundland and Labrador,Ukraine,9,5,$50.14 ,7298,2,#0de278
E146,11/27/21,7,Nam Porttitor Scelerisque Corp.,viverra. Maecenas iaculis,No,Thái Bình,Belgium,13,4,$42.58 ,8615,1,#0d72c4
M532,4/28/23,1,Posuere Foundation,"Quisque libero lacus,",No,Kujawsko-pomorskie,Belgium,15,9,$76.78 ,9355,1,#0f0aa8
Q179,10/19/22,8,Risus Industries,et malesuada fames,Yes,Gävleborgs län,Austria,19,3,$39.51 ,6737,2,#ea88db
K528,8/18/22,7,Mattis Company,Sed neque. Sed,No,Tyrol,India,17,3,$16.34 ,6158,2,#9ff4dd
U631,7/14/22,0,Egestas A Dui Industries,"Donec est mauris,",Yes,Leinster,Nigeria,19,8,$40.06 ,9582,1,#fcc4ec
A262,8/16/22,2,Mattis Cras Industries,ridiculus mus. Aenean,Yes,Junín,Ukraine,13,3,$46.85 ,1983,1,#120089
N328,1/30/23,4,Nullam Feugiat Institute,"Nunc mauris elit,",No,Toscana,France,3,9,$2.97 ,2302,2,#59b2e5
J188,2/24/23,7,Nec Mollis Vitae Associates,odio. Aliquam vulputate,Yes,Bihar,Ireland,13,1,$83.68 ,4509,2,#f176fc
N219,5/15/23,1,Posuere Vulputate Lacus LLC,"est. Nunc ullamcorper,",No,Balochistan,United Kingdom,11,7,$13.16 ,1255,1,#03a585
T104,8/4/21,1,Ac Sem Incorporated,dictum. Proin eget,Yes,Northern Territory,Ireland,15,1,$47.15 ,1843,1,#82ecf2
L792,6/14/22,3,Natoque Penatibus Ltd,"justo faucibus lectus,",No,Brussels Hoofdstedelijk Gewest,United Kingdom,7,4,$25.92 ,1758,2,#d347cc
Y231,11/26/22,8,Orci Luctus Company,consectetuer rhoncus. Nullam,Yes,Goa,Costa Rica,13,6,$53.41 ,6045,2,#e89c66
B748,5/15/23,5,Mi Eleifend Consulting,neque. Sed eget,Yes,New South Wales,Costa Rica,5,2,$74.20 ,4601,1,#e5cd7e
V315,10/1/21,3,Vestibulum Mauris Magna Foundation,"ante, iaculis nec,",No,Michoacán,Germany,3,1,$27.70 ,5078,1,#93f298
D347,1/4/23,0,Orci Tincidunt Adipiscing Incorporated,commodo auctor velit.,No,North-East Region,Brazil,17,9,$94.48 ,6650,2,#e07b9e
T142,3/8/22,4,Malesuada Vel Ltd,"nulla vulputate dui,",Yes,Yucatán,Brazil,13,2,$80.51 ,8161,2,#7f49dd
F358,1/20/23,9,Elit Fermentum Institute,"adipiscing fringilla, porttitor",No,North Chungcheong,Pakistan,17,4,$75.15 ,3614,1,#adbfed
Y204,4/10/23,7,Quam Quis Foundation,Donec est. Nunc,Yes,Western Visayas,Chile,11,5,$99.48 ,8465,1,#309be8
S235,9/30/22,6,Dignissim Tempor Incorporated,Proin sed turpis,No,Nariño,Norway,15,8,$67.99 ,4507,2,#8baed6
W256,9/14/21,6,Felis Limited,Ut tincidunt vehicula,No,Bretagne,Vietnam,11,1,$82.68 ,9671,2,#487702
P082,4/28/23,8,Accumsan Limited,non nisi. Aenean,Yes,West-Vlaanderen,France,19,9,$3.78 ,8183,1,#c7e4fc
P244,6/29/21,0,Quis Diam Luctus Corporation,tellus lorem eu,Yes,Morelos,Norway,5,3,$61.53 ,2553,1,#1b025e
N190,10/20/22,3,Sociis Institute,"mauris sapien, cursus",Yes,Luik,Italy,13,5,$55.06 ,9565,2,#f2be30
G187,5/3/22,4,Magna A Corp.,mi lacinia mattis.,Yes,Namen,Poland,17,3,$66.93 ,4323,2,#f7d5bb
D595,7/9/22,1,Nulla Semper Tellus Incorporated,Pellentesque habitant morbi,Yes,Lambayeque,Norway,3,3,$90.67 ,8360,1,#76e2c0
Y366,12/5/22,2,Ipsum Dolor Incorporated,metus sit amet,Yes,Junín,Mexico,17,3,$36.29 ,5439,1,#ffe1b7
V276,1/28/22,7,Euismod Corp.,turpis. In condimentum.,Yes,Yucatán,China,7,7,$76.94 ,1384,2,#8c75d1
Y926,5/4/23,0,Risus At Limited,"mattis ornare, lectus",No,Kaduna,Spain,3,7,$81.63 ,6422,2,#66f477
W952,5/28/22,6,Viverra Donec Tempus Associates,pretium neque. Morbi,No,Wigtownshire,Ukraine,5,1,$47.68 ,2977,1,#4134f9
P042,3/15/22,7,Metus Institute,ornare. In faucibus.,No,Stockholms län,Ireland,5,9,$2.30 ,7260,1,#4128ba
V595,5/21/23,0,Dictum Sapien Aenean Institute,Nullam feugiat placerat,Yes,Hertfordshire,Philippines,17,6,$7.39 ,5182,2,#d64477
F426,6/13/22,0,Cursus Industries,arcu ac orci.,Yes,Møre og Romsdal,Sweden,19,8,$5.39 ,9060,2,#1dad9c
G117,10/28/22,3,Erat Inc.,egestas lacinia. Sed,Yes,Xīběi,Belgium,7,2,$38.83 ,6298,1,#8cea99
M732,9/24/21,5,Nec Industries,Praesent interdum ligula,Yes,Bengkulu,United States,9,6,$10.29 ,8316,1,#b98fd6
U330,7/20/22,0,Ac Eleifend Vitae Consulting,"mollis non, cursus",Yes,Adana,Netherlands,13,4,$48.39 ,8970,2,#d6af46
K028,9/6/22,0,Orci Sem Corp.,felis eget varius,Yes,Riau,Netherlands,3,4,$52.17 ,1115,2,#3ff4a9
Q715,7/21/21,0,Quisque Libero Associates,"lacus, varius et,",Yes,Lower Austria,Colombia,1,3,$78.51 ,1545,1,#2ec957
U884,1/27/23,2,Sed Eu Nibh Incorporated,metus. In nec,No,Zakarpattia oblast,Germany,7,2,$16.92 ,4756,1,#d3a445
H810,3/30/22,0,Arcu Nunc Mauris Associates,interdum feugiat. Sed,Yes,Biobío,Austria,1,7,$29.66 ,7452,2,#edbc36
W126,4/18/22,3,Rutrum Urna Corp.,"elit fermentum risus,",Yes,Vlaams-Brabant,Ukraine,11,2,$2.65 ,9349,2,#fff2ba
F446,6/15/22,9,Sed Malesuada LLC,"lorem, auctor quis,",Yes,Jeju,New Zealand,13,5,$43.75 ,2046,1,#bfdd44
F543,8/21/22,9,Elit Industries,"luctus sit amet,",Yes,Huáběi,Peru,1,8,$40.55 ,2924,1,#dd2cd7
V130,6/29/21,5,Aliquet Odio Foundation,lectus ante dictum,Yes,Victoria,Ireland,13,3,$65.36 ,6255,2,#fcc2d3
R117,2/27/22,7,Morbi Non Sapien Incorporated,mauris sit amet,Yes,Connacht,Indonesia,7,3,$89.10 ,6196,2,#ef97b6
W885,2/18/23,3,Nec Ante Corporation,et malesuada fames,No,Namen,Costa Rica,13,1,$96.53 ,3036,1,#36c18c
B365,5/21/22,9,Proin Ultrices Inc.,mauris sit amet,No,Queensland,Russian Federation,9,3,$48.07 ,9152,1,#d6c104
E194,7/23/22,3,Mollis Duis Corporation,"lobortis, nisi nibh",No,Lampung,Belgium,19,4,$83.11 ,3560,2,#5d9b11
U582,8/27/21,8,Nunc Laoreet Lectus Industries,Fusce fermentum fermentum,No,Catalunya,Turkey,17,3,$86.30 ,9033,2,#63dd86
D365,2/23/22,3,Ligula Ltd,tincidunt adipiscing. Mauris,Yes,South Sulawesi,Sweden,17,7,$7.89 ,4199,1,#dd80d2
T510,6/25/22,2,Erat In Associates,"at, velit. Cras",Yes,Noord Holland,China,17,0,$1.58 ,2663,1,#9373d1
T315,2/21/22,5,Sollicitudin Incorporated,non enim. Mauris,Yes,Chiapas,Brazil,1,6,$50.22 ,9103,2,#0e26af
X624,3/21/22,6,Auctor Velit Industries,luctus lobortis. Class,Yes,Veneto,Vietnam,3,9,$76.81 ,8315,2,#effca9
G626,6/18/22,5,Sociis Natoque Foundation,primis in faucibus,Yes,Piura,Vietnam,19,1,$80.68 ,9280,1,#fcb0fc
P971,3/11/22,3,Bibendum Donec Felis Industries,"parturient montes, nascetur",Yes,Huila,Canada,7,2,$11.10 ,6444,1,#d194e0
H488,2/25/22,3,Penatibus Ltd,Integer urna. Vivamus,Yes,Ancash,Sweden,3,8,$2.06 ,6858,2,#f796df
V018,11/3/22,9,Sed Inc.,malesuada malesuada. Integer,Yes,Dalarnas län,Sweden,19,3,$75.33 ,8234,2,#76e282
Z358,5/18/23,2,Vestibulum Mauris Incorporated,at arcu. Vestibulum,Yes,West Sumatra,Italy,1,6,$74.41 ,4523,1,#3cc433
L718,7/16/22,5,Aliquam Eu Foundation,"purus sapien, gravida",No,Guanacaste,Spain,1,4,$43.60 ,8914,1,#f4d249
F534,12/19/21,1,Phasellus Associates,Aenean eget metus.,Yes,Stockholms län,Germany,11,5,$60.86 ,2959,2,#c5e05c
L530,11/12/21,2,Neque Vitae Ltd,"luctus sit amet,",No,Mpumalanga,Chile,13,3,$7.42 ,9670,2,#daf291
V303,5/3/22,1,Eget Odio PC,augue porttitor interdum.,Yes,Melilla,Belgium,13,3,$18.60 ,2549,1,#edb25a
H660,7/10/22,8,Dolor Consulting,lacus. Aliquam rutrum,No,Devon,Germany,11,9,$95.14 ,3634,1,#a8c60d
L657,6/16/23,3,Vulputate Corporation,Donec fringilla. Donec,Yes,Brussels Hoofdstedelijk Gewest,Turkey,1,7,$1.92 ,5200,2,#5f98e8
P219,3/27/22,2,Elit Curabitur Sed Inc.,sollicitudin adipiscing ligula.,No,Magdalena,Turkey,13,8,$44.46 ,6387,2,#a9f489
L336,1/16/22,1,Pellentesque Incorporated,semper auctor. Mauris,Yes,North Island,Norway,1,1,$61.56 ,1580,1,#1fbcc1
Z483,11/19/21,1,Nec Cursus Consulting,augue eu tellus.,Yes,Sumy oblast,Russian Federation,7,3,$95.20 ,2341,1,#e1f957
R823,11/7/22,8,Penatibus Et Magnis Limited,lorem vitae odio,Yes,Leinster,New Zealand,15,0,$87.59 ,5563,2,#e01443
B840,8/23/21,5,Enim Commodo Hendrerit LLC,nisi. Mauris nulla.,No,Balochistan,Singapore,13,0,$64.41 ,7693,2,#1cb1cc
O948,8/2/22,1,Donec Est Mauris Limited,"dui, semper et,",Yes,Jigawa,Costa Rica,5,1,$41.98 ,3817,1,#a31630
B455,10/10/21,0,Nibh Dolor Nonummy Inc.,eleifend. Cras sed,Yes,Gävleborgs län,United Kingdom,15,5,$90.40 ,7234,1,#e82e97
M710,3/20/22,7,Vel Corporation,Sed malesuada augue,Yes,Overijssel,Spain,13,0,$43.75 ,2490,2,#914ee8
O487,5/15/22,8,Sagittis Felis Donec Foundation,felis ullamcorper viverra.,Yes,Paraíba,United Kingdom,19,6,$94.56 ,3234,2,#00661b
B764,11/23/22,1,Etiam Consulting,ut lacus. Nulla,No,Abruzzo,Brazil,19,3,$66.76 ,6146,1,#3bcca0
V488,11/18/22,8,Sed Neque Associates,velit egestas lacinia.,Yes,Viken,South Korea,11,5,$64.02 ,3562,1,#3c73d1
U282,7/14/22,4,Tellus LLP,quis urna. Nunc,No,Lubelskie,China,5,2,$66.10 ,5058,2,#afffc6
R727,1/26/22,9,Tortor Dictum Ltd,"nonummy ut, molestie",No,Banten,Ireland,11,9,$38.31 ,8215,2,#31dff9
Q368,10/7/22,3,Fusce Incorporated,arcu. Vestibulum ante,Yes,Nordland,Nigeria,19,1,$96.00 ,2219,1,#f9e8a7
J602,5/16/22,3,Quis Lectus Corporation,In condimentum. Donec,Yes,Paraíba,Nigeria,7,3,$22.82 ,9756,1,#afffc1
G821,10/22/21,0,Id Corp.,"accumsan sed, facilisis",No,İzmir,Nigeria,19,9,$99.66 ,1416,2,#89d7e5
L176,11/26/22,3,Proin Institute,"elit, a feugiat",Yes,Burgenland,Norway,11,6,$51.72 ,2951,2,#2d3db5
K232,4/25/22,7,Eu Nulla LLP,felis eget varius,Yes,Hamburg,Netherlands,13,1,$89.01 ,2454,1,#4eed04
M159,10/21/21,3,Nec Eleifend Non Foundation,nascetur ridiculus mus.,Yes,Alajuela,Singapore,19,2,$79.63 ,4885,1,#f44d3a
B246,2/14/22,4,Tellus Foundation,gravida. Praesent eu,Yes,Azad Kashmir,Poland,7,5,$33.20 ,5789,2,#90dd42
N164,8/27/22,4,Eu Arcu PC,ipsum ac mi,Yes,Molise,Turkey,17,3,$5.13 ,3361,2,#3966c6
N416,6/29/22,2,Dolor Tempus Non LLP,a odio semper,Yes,Mersin,Spain,11,5,$13.92 ,5662,1,#1b198c
N631,7/9/22,2,Proin Velit Incorporated,Quisque nonummy ipsum,Yes,Hatay,Norway,11,5,$22.87 ,4481,1,#f490c7
C704,11/4/21,7,Tristique Incorporated,vehicula risus. Nulla,Yes,Pondicherry,Germany,11,8,$84.46 ,8997,2,#1e58cc
W248,2/3/23,7,Porttitor Eros Corp.,commodo auctor velit.,No,Azad Kashmir,Italy,11,1,$0.50 ,7173,2,#4e23c4
L859,11/21/22,5,Phasellus Libero LLC,libero. Integer in,No,Limón,United States,17,1,$75.94 ,3619,1,#aafff6
H640,12/30/22,3,Neque Venenatis Lacus Industries,sollicitudin commodo ipsum.,No,La Rioja,South Africa,7,7,$74.31 ,7027,1,#f4d835
U436,5/31/22,4,Turpis Egestas Aliquam LLP,sed turpis nec,Yes,Bahia,Belgium,15,2,$4.83 ,4183,2,#ffbc70
T455,3/21/22,2,Dictum Phasellus In Corporation,"hendrerit a, arcu.",Yes,Tyrol,Austria,13,8,$74.46 ,4288,2,#bf621a
N576,2/15/22,1,Massa PC,at arcu. Vestibulum,No,Oregon,Poland,19,1,$30.06 ,1338,1,#7604e0
I443,3/4/23,4,Curabitur Corporation,non quam. Pellentesque,No,Namen,Vietnam,7,3,$32.28 ,8366,1,#45d611
F513,4/5/23,2,Auctor Odio A Corporation,"sed, hendrerit a,",No,Jigawa,Norway,13,10,$29.91 ,6738,2,#61e83c
P483,5/23/22,9,Egestas Inc.,"nunc, ullamcorper eu,",No,Omsk Oblast,Russian Federation,5,9,$7.00 ,7222,2,#f4abb2
C492,11/11/21,3,Tincidunt Corporation,Praesent luctus. Curabitur,No,Ogun,India,5,7,$3.96 ,5086,1,#e2a86a
M847,9/18/22,1,Dictum Proin Associates,pede. Cum sociis,No,Castilla y León,Sweden,1,9,$27.40 ,8502,1,#e5ca52
W281,3/15/23,9,Libero Integer In Incorporated,erat. Sed nunc,Yes,Ternopil oblast,Nigeria,5,6,$54.38 ,3389,2,#fcbfee
T838,8/18/22,6,Bibendum Limited,libero. Morbi accumsan,No,Meghalaya,Italy,11,9,$7.88 ,5177,2,#f47749
J447,4/9/23,7,Elit Incorporated,blandit mattis. Cras,No,Jalisco,Indonesia,5,2,$11.85 ,2610,1,#a5a3e2
V724,8/14/22,3,Integer Vulputate Ltd,"non, luctus sit",Yes,Alberta,Ukraine,9,8,$11.72 ,4586,1,#f2d674
U882,12/21/21,2,Class Aptent Taciti Corporation,"id, mollis nec,",No,Viken,Nigeria,3,9,$91.35 ,1618,2,#bedd75
C818,8/26/21,1,Ac Risus Associates,metus urna convallis,No,Tabasco,Turkey,13,5,$65.09 ,8646,2,#d8d647
L163,11/29/22,7,Vestibulum Lorem Sit Consulting,Praesent eu nulla,Yes,Bali,Philippines,3,2,$79.23 ,3381,1,#f489e6
R695,2/4/22,1,Nec Luctus LLP,semper pretium neque.,Yes,Vestfold og Telemark,Peru,13,9,$46.05 ,5887,1,#15b4d8
S042,4/30/22,7,Libero Industries,mauris ut mi.,No,Rogaland,Norway,9,1,$98.19 ,7004,2,#8863dd
W537,6/10/22,8,Phasellus Foundation,"mi lorem, vehicula",No,FATA,South Korea,15,7,$44.75 ,1162,2,#d875ab
R646,4/28/22,7,Integer In Magna Institute,"eu, ultrices sit",Yes,Zuid Holland,Indonesia,13,5,$13.40 ,4972,1,#b4d620
S607,3/2/23,0,Eu Nibh LLP,In at pede.,No,Trentino-Alto Adige,Sweden,13,6,$70.11 ,3436,1,#bf02c9
X895,12/8/21,5,Eu Associates,"eu, odio. Phasellus",No,FATA,Costa Rica,5,1,$64.83 ,1612,2,#ffeaa0
S133,12/2/22,9,Cursus Integer LLC,metus sit amet,No,Lambayeque,Turkey,3,5,$56.93 ,5278,2,#eabe4d
L014,3/20/22,8,Donec Est Consulting,magna. Sed eu,No,Sakhalin Oblast,Vietnam,3,1,$20.63 ,9830,1,#db234b
Y326,2/2/23,7,Leo In Incorporated,"iaculis nec, eleifend",No,Jeju,Spain,19,5,$36.03 ,8809,1,#c18b26
W045,6/4/22,2,Cursus Nunc Corp.,in molestie tortor,Yes,South Island,Singapore,15,4,$11.26 ,2812,2,#4671a3
R471,9/12/22,6,Ridiculus Mus Proin Corporation,urna. Nullam lobortis,Yes,Sachsen-Anhalt,Brazil,17,9,$56.64 ,8896,2,#7177ed
T687,5/14/22,3,Aliquet Phasellus Foundation,"elementum sem, vitae",Yes,Nord-Pas-de-Calais,Philippines,9,8,$1.34 ,6581,1,#fffaba
T033,8/29/22,5,Mi Institute,nonummy. Fusce fermentum,No,Connacht,Spain,5,1,$70.18 ,7829,1,#efb33b
U796,1/17/22,4,Neque Sed LLC,enim. Mauris quis,No,Mykolaiv oblast,Philippines,1,3,$12.84 ,8651,2,#a5132e
W174,2/17/23,1,Nunc Mauris Morbi Corp.,enim consequat purus.,No,Western Cape,Costa Rica,11,3,$53.60 ,6935,2,#fcf5ba
Q471,2/20/22,5,Magnis Dis Corp.,enim. Nunc ut,No,Alberta,United States,17,5,$79.45 ,6694,1,#056d84
C948,7/15/21,9,Duis Mi Corp.,orci. Ut sagittis,Yes,Maluku,United States,7,1,$96.89 ,9782,1,#e2d456
Q761,4/13/23,3,Tincidunt Corporation,arcu. Curabitur ut,No,Luxemburg,Canada,13,6,$93.21 ,9364,2,#ffb499
Y745,12/22/22,7,Luctus Inc.,dui augue eu,Yes,Cambridgeshire,Poland,7,6,$11.05 ,2795,2,#7403c4
E653,4/10/23,0,Consectetuer Adipiscing LLP,ut eros non,Yes,Maine,South Korea,17,0,$54.64 ,3528,1,#6a58dd
M317,1/29/23,8,Auctor Quis Corporation,"fermentum vel, mauris.",No,Kogi,Brazil,1,3,$40.25 ,9575,1,#2f3ca3
K135,9/5/21,9,Consequat Auctor Corporation,aliquet. Proin velit.,No,Arunachal Pradesh,Spain,3,4,$10.60 ,9558,2,#f9b907
D671,11/20/21,3,Dui Nec Tempus Associates,ac metus vitae,Yes,Pskov Oblast,Vietnam,7,6,$72.79 ,9859,2,#a4f4a1
R665,12/23/22,7,Eu Eleifend Limited,congue turpis. In,Yes,Zhytomyr oblast,Indonesia,15,5,$90.22 ,6286,1,#2955d8
S862,9/20/22,5,Vulputate Nisi Sem PC,Nulla facilisi. Sed,No,Huáběi,Indonesia,17,5,$82.68 ,2468,1,#a288e8
K717,12/2/22,3,Lectus Nullam Suscipit LLC,eget lacus. Mauris,Yes,Western Visayas,Peru,3,8,$41.11 ,5206,2,#e5bb72
E841,4/16/22,0,Massa Suspendisse LLP,sed dolor. Fusce,No,Mykolaiv oblast,United Kingdom,19,7,$81.39 ,5709,2,#003bd1
D533,9/11/22,0,Sagittis Placerat Company,"nulla. Integer vulputate,",No,Dalarnas län,United Kingdom,17,0,$95.78 ,5510,1,#bc0369
K647,8/16/21,6,Mollis Vitae Inc.,Donec sollicitudin adipiscing,No,South Island,United States,19,7,$79.17 ,1308,1,#79ea77
X537,2/27/23,0,Vitae PC,dui. Suspendisse ac,No,Aydın,Singapore,3,4,$54.31 ,1475,2,#dbffaf
N994,11/20/21,9,Nibh Enim Gravida Industries,nec luctus felis,Yes,Marche,Norway,7,6,$90.84 ,9574,2,#6521a0
J894,10/18/21,1,Facilisis Vitae Orci Industries,"dictum eu, eleifend",Yes,Baden Württemberg,Vietnam,15,6,$55.57 ,6846,1,#90f992
E279,8/26/22,1,Morbi Accumsan LLC,scelerisque dui. Suspendisse,Yes,North West,Costa Rica,19,7,$37.17 ,9645,1,#b140f7
F830,3/11/22,9,Nunc Quisque Ornare Limited,Aliquam adipiscing lobortis,Yes,Melilla,Germany,1,2,$79.22 ,4110,2,#a7c62b
V146,4/30/22,0,Consectetuer Rhoncus Nullam LLP,Proin sed turpis,Yes,Quindío,Netherlands,5,6,$4.65 ,7184,2,#62d653
Y011,3/3/23,8,Risus Industries,In lorem. Donec,Yes,KwaZulu-Natal,Chile,7,0,$99.63 ,3759,1,#93edb8
O181,8/9/22,7,Tristique Senectus Et Institute,id enim. Curabitur,No,Sindh,Germany,13,7,$47.49 ,7723,1,#ed8bb9
X160,1/20/23,8,Malesuada Augue Corp.,id sapien. Cras,Yes,Aceh,Singapore,19,1,$66.47 ,7203,2,#81f9eb
E174,2/28/23,3,Libero Est PC,"at, libero. Morbi",No,Katsina,United Kingdom,7,9,$0.78 ,4006,2,#b0e20b
V457,9/3/22,0,Sed Ltd,Aenean eget magna.,No,Magallanes y Antártica Chilena,Ukraine,9,6,$55.99 ,8872,1,#68ffe5
G523,9/25/22,9,Rutrum Corp.,faucibus orci luctus,No,North Island,Brazil,5,4,$78.38 ,5044,1,#2f47af
N211,11/30/21,0,Odio Aliquam Vulputate Ltd,"elit, pellentesque a,",Yes,Maluku,France,19,8,$50.21 ,3210,2,#abc7e8
K058,2/1/22,9,Dui Cras Ltd,Nunc pulvinar arcu,Yes,New Brunswick,Peru,1,6,$37.81 ,6252,2,#291a77
H287,4/2/22,4,Odio Corporation,egestas. Duis ac,Yes,Special Region of Yogyakarta,Russian Federation,7,8,$61.93 ,7854,1,#dd6697
C228,9/28/22,1,Eu Augue Porttitor Industries,vel quam dignissim,Yes,Catalunya,Ireland,11,2,$35.26 ,4031,1,#a9f9cd
B020,7/24/22,8,Pede Blandit Ltd,libero. Proin mi.,Yes,Yukon,Costa Rica,11,0,$91.79 ,6852,2,#4b2bad
O152,1/20/22,6,Amet Diam Eu PC,"euismod et, commodo",Yes,West-Vlaanderen,Peru,17,7,$73.32 ,7940,2,#edbe8b
Y113,6/26/22,7,Lacus Vestibulum Lorem Incorporated,"et, commodo at,",Yes,Bicol Region,Russian Federation,11,5,$93.89 ,4487,1,#13b282
N255,3/26/23,9,In Dolor Incorporated,interdum ligula eu,No,Nordland,Pakistan,7,9,$3.55 ,9224,1,#ea7e0b
S488,1/3/23,5,Accumsan Consulting,"mattis semper, dui",No,Liguria,Canada,15,8,$14.27 ,5589,2,#d6d20c
G451,2/13/23,3,Integer Eu Associates,ac urna. Ut,Yes,Munster,Pakistan,1,4,$73.29 ,1792,2,#c6e26a
J840,8/17/22,2,Dolor Donec Fringilla Company,enim commodo hendrerit.,No,Abruzzo,Belgium,9,2,$73.51 ,7522,1,#64ef9e
F127,1/14/22,7,Est Vitae Company,eu enim. Etiam,No,Drenthe,New Zealand,19,6,$74.67 ,2717,1,#c4d8fc
V633,6/12/22,9,Vitae Aliquam Company,ullamcorper magna. Sed,Yes,Provence-Alpes-Côte d'Azur,Russian Federation,9,7,$36.81 ,8690,2,#d85d9a
B818,4/1/23,5,Pharetra Nam Ac Ltd,"et tristique pellentesque,",No,South Chungcheong,Netherlands,15,5,$10.92 ,1514,2,#ea9f79
S828,3/15/23,6,Sed Institute,"ipsum sodales purus,",Yes,North Island,Poland,9,8,$21.53 ,8006,1,#7a9b18
L675,3/10/22,5,Tristique PC,risus. In mi,No,Nuevo León,Turkey,17,8,$20.32 ,3584,1,#c79bdd
M504,3/24/23,5,Nulla Institute,"Quisque purus sapien,",Yes,Hà Giang,United Kingdom,15,3,$48.72 ,2202,2,#4c59ba
Z744,1/28/23,6,Egestas Ligula Inc.,lobortis mauris. Suspendisse,No,Queensland,Germany,9,4,$23.14 ,7273,2,#ffb0a3
Y457,1/1/23,3,Mauris Associates,ipsum. Suspendisse sagittis.,No,Piura,Pakistan,9,7,$34.13 ,1962,1,#dd567a
B254,6/12/22,8,Sit Amet PC,arcu eu odio,No,Piemonte,Poland,19,7,$97.38 ,1275,1,#ffc4f4
K758,6/16/22,6,Sodales Purus Corporation,dui. Suspendisse ac,Yes,Odessa oblast,Turkey,9,2,$20.11 ,8424,2,#27c64c
U472,4/6/23,9,Quis LLP,"vel, faucibus id,",No,Eastern Cape,Australia,3,6,$97.96 ,3197,2,#d7ef8d
D547,3/15/22,5,Augue Incorporated,erat eget ipsum.,No,Chocó,Canada,19,4,$80.76 ,8333,1,#95a4d8
H887,9/4/21,4,Ipsum Primis Associates,"Donec nibh enim,",No,Noord Holland,Russian Federation,5,2,$84.62 ,9003,1,#03af2e
Z215,9/5/22,2,Vitae Risus Corporation,quam a felis,Yes,Haute-Normandie,South Africa,3,4,$94.61 ,4664,2,#ffccdb
I515,5/15/22,5,Et Company,"vitae, orci. Phasellus",Yes,Saskatchewan,China,17,1,$31.05 ,2404,2,#acf7a5
M673,7/6/22,9,In Faucibus PC,urna. Vivamus molestie,Yes,Thừa Thiên–Huế,Indonesia,17,8,$98.99 ,7182,1,#edf9a7
K767,6/17/22,2,Id Magna Et Company,"gravida non, sollicitudin",No,Centre,South Korea,13,5,$69.31 ,6100,1,#832fc4
H186,12/22/22,2,In Felis Nulla Incorporated,ac libero nec,No,Kocaeli,Italy,17,6,$60.04 ,3641,2,#591491
Q312,1/16/22,1,Elit Nulla Facilisi Corp.,risus. In mi,Yes,Imo,United Kingdom,3,4,$51.62 ,4763,2,#a6f438
X651,12/27/22,7,Sed Nulla Limited,velit. Aliquam nisl.,Yes,West Region,Costa Rica,15,2,$17.85 ,7376,1,#cee006
M341,10/18/22,7,Ad Incorporated,magna a tortor.,Yes,Huáběi,Costa Rica,11,9,$72.95 ,4980,1,#e25364
A672,1/21/22,7,Convallis Ligula Donec Corporation,tellus lorem eu,No,Orkney,Pakistan,17,1,$27.20 ,4036,2,#ff54f6
E314,4/15/22,6,Odio Nam Inc.,"justo faucibus lectus,",No,Ogun,Netherlands,3,9,$5.30 ,4207,2,#e520d8
P494,8/30/22,5,Nulla Integer Limited,"Sed diam lorem,",Yes,Zhōngnán,Sweden,13,8,$19.63 ,2861,1,#dcfca4
F262,1/12/22,9,Enim Nisl Corp.,"luctus vulputate, nisi",No,Flevoland,China,19,9,$37.94 ,9768,1,#75d5ef
H014,9/7/21,3,Ultricies Ligula LLC,ante. Maecenas mi,No,Dolnośląskie,Nigeria,19,1,$79.38 ,2916,2,#510999
X670,1/1/23,5,Quisque Industries,non enim. Mauris,No,New South Wales,Ukraine,11,9,$64.12 ,6377,2,#67acdb
S558,8/18/22,0,Congue Elit Inc.,vestibulum massa rutrum,Yes,Lai Châu,India,9,2,$7.30 ,2016,1,#0b7c0b
Q606,3/24/23,9,Enim Inc.,"pede, ultrices a,",Yes,Euskadi,South Africa,1,7,$38.33 ,5337,1,#5ee09a
C506,9/29/21,1,Massa Foundation,ipsum. Donec sollicitudin,Yes,Saratov Oblast,South Africa,17,7,$14.21 ,4198,2,#c7eafc
J490,11/2/22,7,Suspendisse Tristique Inc.,ipsum dolor sit,No,Burgenland,Peru,1,5,$99.67 ,7204,2,#bbea8c
Q876,9/16/21,9,Ultrices Posuere Consulting,"at, velit. Cras",No,New Brunswick,Russian Federation,5,4,$43.71 ,9083,1,#95f9a4
J473,6/3/22,7,Vel Est Institute,sollicitudin commodo ipsum.,Yes,Queensland,Austria,3,0,$99.45 ,5993,1,#e0c986
N983,3/3/23,8,Donec Institute,semper cursus. Integer,Yes,Gävleborgs län,Singapore,11,0,$2.18 ,1641,2,#a106cc
S204,12/8/22,6,Mauris Eu Industries,sapien imperdiet ornare.,Yes,Lampung,Brazil,3,7,$26.14 ,5034,2,#f6f7aa
G646,12/21/21,8,Non Cursus Non Institute,pede. Cum sociis,No,Gävleborgs län,Austria,5,2,$18.93 ,2830,1,#ea9dc1
S048,6/7/23,8,Consequat Lectus Industries,"dolor elit, pellentesque",No,Quebec,Spain,5,8,$17.34 ,5931,1,#e8a394
F265,2/2/22,0,Proin LLP,"eleifend vitae, erat.",Yes,South Chungcheong,Colombia,13,1,$0.12 ,4079,2,#5e7504
T571,7/13/21,0,Metus In Nec LLP,Integer mollis. Integer,No,Đồng Nai,France,3,5,$49.49 ,7152,2,#c97748
V207,6/28/21,7,Feugiat Nec Industries,"Nunc mauris elit,",No,Cagayan Valley,Ireland,19,2,$1.51 ,6180,1,#adffb6
Q658,4/14/22,0,Urna Suscipit Incorporated,purus gravida sagittis.,Yes,Córdoba,New Zealand,19,1,$57.38 ,6458,1,#f45af2
V121,2/28/23,2,Ligula Aenean Euismod Incorporated,"convallis est, vitae",No,Tasmania,Ukraine,15,7,$17.09 ,6807,2,#bac1fc
X266,4/29/22,1,Consectetuer Euismod Limited,urna. Nullam lobortis,Yes,Guanacaste,Sweden,11,9,$40.01 ,9239,2,#ffe0aa
A687,2/23/23,1,Hendrerit A Arcu Associates,ipsum dolor sit,No,Ulster,Philippines,19,8,$51.91 ,3895,1,#cea8ed
G702,10/12/21,0,Dignissim Pharetra Nam Industries,"ullamcorper, velit in",No,Flevoland,New Zealand,9,2,$23.34 ,1853,1,#e27a84
N749,5/1/23,1,Laoreet Lectus Institute,augue id ante,Yes,Maharastra,Norway,15,4,$75.08 ,6915,2,#7791d8
E168,8/7/22,0,Duis Dignissim Associates,"tempor lorem, eget",No,Lubelskie,Russian Federation,1,7,$74.33 ,5303,2,#92fca2
Q551,11/6/22,0,Facilisis Non Bibendum Corporation,sapien. Nunc pulvinar,Yes,Luik,China,9,5,$37.35 ,8768,1,#bc4050
Z661,3/28/23,1,Dui Fusce Corporation,sagittis. Nullam vitae,No,Alsace,Indonesia,15,0,$83.00 ,9004,1,#b1f7a5
P273,8/6/21,4,Augue Porttitor Institute,non lorem vitae,Yes,Cherkasy oblast,Canada,17,10,$47.62 ,4841,2,#0697aa
Z756,2/9/23,1,Sed Inc.,"non, luctus sit",No,Troms og Finnmark,Brazil,19,0,$33.10 ,4804,2,#f9c6c2
R397,4/11/22,8,Et Risus Quisque Limited,magna. Nam ligula,Yes,Gelderland,Germany,13,2,$15.28 ,4162,1,#f97cbf
O202,6/27/21,0,Et Foundation,egestas. Fusce aliquet,Yes,Cordillera Administrative Region,New Zealand,17,9,$3.99 ,4741,1,#4cc6f7
I903,3/10/22,0,Vel Industries,"nec tempus scelerisque,",No,Guanacaste,Germany,17,4,$90.55 ,4923,2,#b736e2
P515,5/23/23,4,Ac Mi Associates,Nullam enim. Sed,Yes,Huáběi,Colombia,3,4,$7.94 ,4184,2,#f70e02
F635,4/18/23,8,Magnis Dis Parturient PC,sapien molestie orci,No,Opolskie,Colombia,7,4,$76.66 ,9660,1,#0de8a6
L042,4/14/23,8,Rutrum Fusce PC,pharetra nibh. Aliquam,No,Tyrol,Austria,3,8,$12.12 ,8940,1,#ea3fd3
Y079,2/11/22,6,Nulla Aliquet Proin LLC,"elit, pretium et,",No,Tolima,New Zealand,7,6,$96.40 ,6520,2,#37ce3c
G029,9/15/22,7,Aliquam Erat Institute,eu tellus. Phasellus,No,Rio Grande do Sul,Chile,5,8,$28.90 ,5671,2,#f9a86d
R197,10/29/22,2,Pellentesque Habitant Morbi PC,Nullam ut nisi,No,San José,France,1,0,$93.33 ,2667,1,#d3b22e
I437,2/14/22,7,Consequat Lectus LLP,ac sem ut,Yes,Kayseri,Norway,19,1,$78.46 ,2076,1,#4731b2
D573,4/1/22,0,Luctus Felis LLC,senectus et netus,Yes,West Region,New Zealand,3,6,$31.48 ,8932,2,#e51632
U378,5/29/22,0,Non Sollicitudin LLP,"eget varius ultrices,",Yes,Central Region,United States,1,9,$95.88 ,7154,2,#9ea5e5
H468,1/6/22,5,Donec Nibh Inc.,eros turpis non,No,San José,Peru,19,8,$68.83 ,2346,1,#52d3a4
O567,10/25/21,1,Phasellus Limited,felis eget varius,No,Khánh Hòa,Ukraine,7,0,$4.45 ,4478,1,#b3f975
U084,10/31/22,0,Fames Ltd,"Donec tempor, est",Yes,Madrid,South Korea,3,6,$1.49 ,6989,2,#79c3ce
R576,11/17/21,0,Vivamus Inc.,eu tellus eu,Yes,Wielkopolskie,Philippines,5,1,$79.25 ,9785,2,#f4c1b2
D160,6/3/23,0,Nullam Company,lorem ac risus.,No,Van,Sweden,11,6,$78.08 ,4038,1,#f40cfc
S319,3/26/22,6,Curabitur Sed Limited,"Aliquam auctor, velit",No,Morelos,South Korea,19,2,$98.15 ,7912,1,#35cc9e
O714,9/25/21,0,Eu Lacus Inc.,tincidunt nibh. Phasellus,No,Prince Edward Island,India,7,4,$61.42 ,1916,2,#c91e93
L132,7/2/22,7,Vel Faucibus Id Incorporated,"parturient montes, nascetur",Yes,South Gyeongsang,Nigeria,13,4,$88.98 ,5522,2,#8882d6
V951,4/21/22,6,Tempus Limited,urna. Vivamus molestie,No,West Java,Germany,7,1,$0.89 ,1235,1,#4cea3a
D174,4/22/22,5,Nulla Ante Limited,Integer id magna,No,Luhansk oblast,China,9,0,$62.26 ,1142,1,#4ff7c2
I514,12/6/22,2,Egestas Corporation,"at, libero. Morbi",No,Puntarenas,Italy,17,9,$26.85 ,3874,2,#fcee9f
X418,6/19/21,0,Blandit Mattis Limited,est arcu ac,Yes,South Australia,Singapore,13,3,$91.53 ,7409,2,#f5ccff
W351,1/1/23,4,Donec Foundation,quis urna. Nunc,No,South Island,Australia,17,7,$49.14 ,9275,1,#ce4a74
Z633,3/27/23,8,Molestie Dapibus Company,lorem fringilla ornare,No,North Jeolla,Sweden,17,2,$36.33 ,8134,1,#6cfcfc
N578,2/17/23,8,Sed LLC,et ultrices posuere,Yes,Kirovohrad oblast,Philippines,5,9,$71.35 ,7288,2,#5ee064
E429,7/5/21,1,Vitae Inc.,"parturient montes, nascetur",No,Prince Edward Island,Pakistan,9,5,$40.75 ,1738,2,#165bfc
W219,5/11/23,5,Proin Inc.,Quisque nonummy ipsum,No,Niger,South Africa,17,4,$67.34 ,9559,1,#e2c9ff
C517,10/14/21,8,Sollicitudin A Malesuada Associates,interdum. Curabitur dictum.,Yes,Dorset,Turkey,3,8,$72.51 ,7742,1,#bf221a
V343,12/14/22,0,Ligula Associates,amet nulla. Donec,Yes,Brussels Hoofdstedelijk Gewest,Germany,17,1,$65.73 ,5653,2,#3e45d6
M446,3/14/23,0,Nec Limited,accumsan laoreet ipsum.,No,Luxemburg,Ireland,15,0,$40.24 ,3913,2,#f9a4d3
M946,10/18/22,3,Dictum Incorporated,Sed neque. Sed,No,Jalisco,United States,7,1,$67.84 ,8516,1,#59db18
G756,2/11/23,2,Quis Pede Suspendisse Industries,"nec, diam. Duis",Yes,Lorraine,United Kingdom,7,9,$62.01 ,3180,1,#ef2140
O301,9/18/22,6,At LLP,ligula. Donec luctus,Yes,North Island,Belgium,19,7,$83.99 ,1315,2,#3ed6b2
Z860,7/19/21,5,Lobortis Tellus Corporation,"aliquet lobortis, nisi",Yes,Lạng Sơn,Norway,3,7,$19.46 ,5438,2,#2fc445
F593,11/9/21,2,At Company,"eget laoreet posuere,",Yes,Auvergne,Australia,19,8,$59.76 ,8264,1,#fffcaf
X438,11/26/22,3,Magna Phasellus Incorporated,"lacinia vitae, sodales",Yes,Magadan Oblast,Australia,11,5,$43.53 ,8542,1,#f995c1
L762,7/20/21,7,At Egestas A Corp.,"parturient montes, nascetur",Yes,Amazonas,United States,5,1,$89.67 ,1353,2,#66c8d1
X196,10/11/21,8,Enim Etiam Gravida LLC,eget metus eu,No,Boyacá,Chile,7,0,$54.55 ,9241,2,#f771bb
Y654,12/24/21,5,Nunc PC,mattis. Cras eget,Yes,Soccsksargen,Ukraine,13,10,$80.28 ,3898,1,#72e829
F034,12/6/22,2,Amet Metus Limited,et ipsum cursus,No,Australian Capital Territory,Colombia,19,2,$80.96 ,3445,1,#ceff30
G405,11/14/22,5,Sociis Corporation,tristique neque venenatis,No,Luik,Belgium,1,6,$38.92 ,5854,2,#b1dd63
S461,9/17/22,9,Nec Mollis Associates,Phasellus vitae mauris,Yes,Nizhny Novgorod Oblast,India,19,9,$64.05 ,7140,2,#b4ef67
G566,8/20/21,6,Mus LLC,ac orci. Ut,No,Puno,Turkey,7,10,$47.09 ,3767,1,#fcf2a4
E850,1/17/23,8,Hendrerit Id Corporation,"Duis cursus, diam",No,North Region,Norway,13,7,$30.38 ,5586,1,#db4b27
T954,7/10/22,1,Sed Dui Consulting,metus vitae velit,No,Saskatchewan,South Africa,13,9,$67.66 ,2912,2,#30c998
E086,10/24/22,2,Et Libero Incorporated,Etiam gravida molestie,No,South Chungcheong,France,17,3,$35.55 ,6693,2,#dadd0d
T380,10/23/21,5,Magnis Dis Limited,interdum enim non,No,Special Capital Region of Jakarta,Ireland,13,6,$54.17 ,5252,1,#1df7f3
S458,11/1/22,3,Dignissim Maecenas Incorporated,Maecenas ornare egestas,No,Hamburg,Poland,1,2,$5.00 ,1798,1,#6bff6b
T683,3/14/22,5,Donec Associates,tempor diam dictum,No,Durham,South Korea,15,4,$48.03 ,7301,2,#86efdf
U421,5/18/23,1,Lacus Aliquam Corp.,quam a felis,No,Burgenland,Canada,19,3,$20.13 ,1157,2,#fce9c7
U542,9/21/21,1,Nibh Donec Est Limited,"laoreet, libero et",Yes,Sakhalin Oblast,Italy,7,3,$40.97 ,2235,1,#a6ddf4
Y943,12/2/22,5,Libero Corp.,dui nec urna,No,Montgomeryshire,Ukraine,9,1,$18.63 ,7507,1,#97b9f4
A753,12/7/21,7,Lectus Justo Eu PC,"cursus luctus, ipsum",Yes,Berlin,Poland,3,6,$19.16 ,1147,2,#d328ae
O255,1/28/23,4,Facilisis Incorporated,ornare sagittis felis.,Yes,Azad Kashmir,Colombia,15,7,$77.76 ,9802,2,#22f729
B155,5/30/23,9,Dis Parturient Montes Inc.,Curabitur massa. Vestibulum,Yes,Tarapacá,Singapore,11,7,$69.78 ,9704,1,#64ef7e
X358,9/13/22,3,Sociis Natoque PC,gravida. Praesent eu,No,Vestland,Canada,15,7,$9.33 ,1419,1,#73e04e
Y123,6/8/23,2,Sem Elit Pharetra Ltd,"sodales at, velit.",No,Calabarzon,Italy,11,7,$75.70 ,5185,2,#f296e9
W652,1/4/23,8,Ipsum Phasellus LLC,velit. Quisque varius.,No,Styria,Russian Federation,11,4,$93.91 ,8221,2,#f98bc1
L884,1/20/23,3,Pellentesque A Facilisis Ltd,Maecenas ornare egestas,Yes,Central Region,Colombia,3,1,$90.27 ,3406,1,#b794e8
F857,2/12/22,4,Cras Corp.,sollicitudin adipiscing ligula.,No,Rogaland,Belgium,11,2,$96.13 ,4583,1,#95b70c
O646,11/12/22,7,Nam Consequat Dolor Consulting,"id, erat. Etiam",Yes,Kahramanmaraş,Peru,9,4,$63.08 ,4871,2,#a32532
W001,9/1/22,5,Elit Sed Consequat LLP,malesuada. Integer id,Yes,North Chungcheong,Pakistan,13,6,$65.51 ,2887,2,#b16ffc
P453,2/12/23,8,Cras Convallis Foundation,"sit amet, consectetuer",No,West-Vlaanderen,Turkey,15,5,$58.01 ,2145,1,#afffd6
X467,2/21/23,6,Sodales Purus In Corporation,quis diam luctus,Yes,Marche,Indonesia,1,1,$2.69 ,8191,1,#d3a900
W192,5/8/22,3,Aliquam Nisl Incorporated,magna nec quam.,Yes,Lubelskie,Costa Rica,3,5,$77.75 ,4907,2,#c15207
F512,12/13/21,3,Taciti Sociosqu Incorporated,Curabitur ut odio,Yes,KwaZulu-Natal,Indonesia,5,1,$12.30 ,3820,2,#e0e23d
X178,5/16/22,6,Sed Et Industries,nec tellus. Nunc,Yes,North Maluku,Brazil,15,4,$97.24 ,7220,1,#1ec92f
G779,5/3/22,1,Mattis Velit LLP,ante. Nunc mauris,No,Kogi,Costa Rica,5,4,$3.15 ,3100,1,#f48bb3
S267,3/7/23,7,Quisque Fringilla Company,urna justo faucibus,No,Puntarenas,United Kingdom,19,6,$82.49 ,8950,2,#2fc3ce
G446,9/26/21,2,Non Foundation,consectetuer ipsum nunc,Yes,Bangka Belitung Islands,Costa Rica,1,9,$9.76 ,6776,2,#f7b0a0
C256,7/28/22,8,Laoreet Libero Ltd,"cursus et, magna.",No,Alajuela,Russian Federation,5,6,$67.46 ,2253,1,#e26212
N087,8/2/21,7,Natoque Corp.,Nam porttitor scelerisque,Yes,Friuli-Venezia Giulia,France,9,1,$67.35 ,5194,1,#50d9f4
X580,12/7/21,6,Nec Malesuada Ltd,interdum ligula eu,Yes,Flevoland,Austria,1,5,$33.77 ,7738,2,#00b226
X934,4/11/23,5,Aliquet Corporation,magna. Lorem ipsum,No,Kansas,Poland,1,5,$68.60 ,6582,2,#edbd2f
I835,9/18/22,4,Tristique Senectus Foundation,velit eget laoreet,Yes,Limpopo,South Korea,11,7,$92.99 ,2854,1,#6d5cc4
B443,2/19/23,8,Tempus PC,Etiam imperdiet dictum,No,Sląskie,South Africa,11,1,$50.06 ,1776,1,#f72f02
J874,10/5/21,7,Risus Varius Incorporated,nisi a odio,No,North Region,Pakistan,3,6,$31.95 ,2342,2,#5470f9
A101,5/29/23,7,Turpis Egestas Aliquam Corporation,blandit congue. In,No,Davao Region,South Africa,1,4,$16.03 ,1456,2,#f9a9ef
B846,2/5/23,2,Nulla Cras Ltd,mi fringilla mi,Yes,Uttar Pradesh,Brazil,15,8,$58.78 ,5476,1,#3623a3
N577,11/14/21,0,Accumsan Convallis Incorporated,"iaculis enim, sit",Yes,Los Ríos,Philippines,3,3,$83.96 ,9615,1,#058aaf
V648,9/28/21,3,Sit Amet Ante Incorporated,molestie tortor nibh,No,Yucatán,Sweden,5,7,$90.47 ,1767,2,#aaeeff
M444,9/4/22,4,Sed Hendrerit Company,Quisque fringilla euismod,Yes,Upper Austria,Singapore,15,8,$34.12 ,8956,2,#23ef5d
O236,8/2/21,6,Tristique Pharetra Foundation,enim nisl elementum,No,Central Sulawesi,Sweden,3,2,$47.12 ,8501,1,#4793aa
J750,9/28/21,3,Ipsum Sodales Purus Institute,ut erat. Sed,No,Tamil Nadu,Singapore,17,1,$29.36 ,8092,1,#b57720
G116,9/22/22,2,Aenean Foundation,"lectus convallis est,",No,Novgorod Oblast,Poland,5,2,$77.36 ,3490,2,#b1ff2b
J163,3/29/23,8,Sed Pede Cum Incorporated,vel nisl. Quisque,Yes,Special Capital Region of Jakarta,Australia,15,7,$38.47 ,7802,2,#8af7a9
Z916,5/8/22,1,Tempus Foundation,metus. In lorem.,No,Illinois,Ireland,19,9,$17.65 ,4155,1,#075275
I237,3/4/23,9,Sed Congue Elit Limited,"tincidunt, nunc ac",No,Soccsksargen,Turkey,19,9,$66.84 ,7332,1,#0c8783
H768,5/6/22,3,Iaculis Odio Company,nibh. Quisque nonummy,No,British Columbia,South Korea,7,4,$1.93 ,5234,2,#f4b7cc
W566,12/20/21,1,Feugiat Sed LLP,"dapibus rutrum, justo.",No,Nunavut,Austria,19,10,$30.35 ,4096,2,#d8702b
K342,4/25/23,2,Nunc Commodo Corporation,Nunc mauris. Morbi,Yes,Katsina,Ireland,11,0,$30.94 ,1989,1,#f1f79e
S435,12/3/22,9,Egestas Inc.,ac turpis egestas.,No,Noord Holland,Ireland,9,8,$10.93 ,7442,1,#e2b43f
I227,10/5/22,5,Mauris Ut LLC,mollis. Integer tincidunt,No,Agder,Spain,15,2,$27.45 ,6139,2,#1f6a7c
C587,10/29/21,8,Porttitor Vulputate Posuere LLC,"Aliquam auctor, velit",No,Rajasthan,Sweden,7,3,$65.02 ,3190,2,#316c96
H046,3/16/23,7,In Sodales Limited,aptent taciti sociosqu,No,Western Australia,Poland,3,1,$16.15 ,7406,1,#3f33e0
H068,2/18/23,3,Tempor Augue Industries,in faucibus orci,No,Vienna,United Kingdom,15,7,$1.26 ,8967,1,#8eed7d
E193,10/11/21,8,Lacus Industries,penatibus et magnis,No,Akwa Ibom,Costa Rica,3,5,$85.06 ,9204,2,#a1e2e2
V747,9/30/21,6,Sit Amet Lorem Institute,ipsum primis in,No,Lorraine,Norway,1,10,$23.93 ,8260,2,#cabffc
O737,4/1/22,9,Magna Sed Industries,"quis, pede. Praesent",No,South Island,Sweden,19,6,$86.12 ,9403,1,#d0a2e5
U964,7/22/21,1,Ante Vivamus Inc.,gravida nunc sed,Yes,Podlaskie,Indonesia,15,9,$87.23 ,7350,1,#076ebc
J866,10/24/21,8,Dapibus Ligula Associates,dolor dapibus gravida.,Yes,Andalucía,Indonesia,9,7,$12.67 ,2467,2,#b5bcff
Q579,8/19/22,9,Suspendisse Tristique Neque Industries,eu neque pellentesque,Yes,Rheinland-Pfalz,Germany,9,7,$92.67 ,6878,2,#8de8ab
D349,6/23/22,8,Molestie Corporation,amet risus. Donec,No,Eastern Cape,Singapore,7,9,$0.41 ,9880,1,#9384d8
L418,11/7/22,7,Aliquet Lobortis Associates,Morbi quis urna.,Yes,Gävleborgs län,Vietnam,3,2,$38.56 ,7749,1,#1fcc16
G559,5/24/22,9,Maecenas Ornare Limited,eget odio. Aliquam,Yes,Maryland,Ukraine,5,6,$9.24 ,5578,2,#75eab3
Z234,5/23/22,7,Enim Sed LLC,enim diam vel,No,Oslo,China,1,8,$84.21 ,7361,2,#e176fc
T725,10/8/22,4,Urna Et Corp.,"a, aliquet vel,",No,Piemonte,Netherlands,17,0,$89.86 ,1484,1,#a9e258
V573,2/16/22,9,Sed Ltd,"vulputate, nisi sem",Yes,Podlaskie,Costa Rica,15,1,$40.36 ,9281,1,#074fc1
W479,11/2/22,9,Pretium Neque Morbi PC,arcu. Sed eu,Yes,Limousin,Austria,1,4,$96.35 ,9824,2,#ba46f4
H214,11/6/21,0,Cursus Non Egestas LLC,"vel, convallis in,",No,Flevoland,Spain,9,6,$74.18 ,7302,2,#f26fc6
I328,1/27/22,5,Luctus Sit Amet PC,viverra. Maecenas iaculis,No,Poitou-Charentes,United Kingdom,13,4,$50.27 ,4656,1,#efaa99
C276,10/22/22,8,Sem Ut Institute,non quam. Pellentesque,Yes,Kogi,India,17,2,$62.05 ,5288,1,#abe564
W155,9/7/21,3,Bibendum Donec Industries,"enim, gravida sit",No,Aisén,Peru,5,8,$84.33 ,3932,2,#d2f446
E145,5/5/22,2,Sodales Mauris Blandit Limited,Proin velit. Sed,No,California,Singapore,9,5,$25.51 ,8745,2,#6e5ff4
P782,2/6/23,1,Fringilla Ornare Placerat Foundation,mauris ut mi.,No,Gyeonggi,Costa Rica,9,4,$54.40 ,1240,1,#e87e33
O224,7/8/22,4,Aliquet Metus Limited,neque. In ornare,No,Tyumen Oblast,New Zealand,9,4,$37.32 ,4086,1,#a4e0e8
T771,11/10/22,6,Eu Odio Phasellus Incorporated,justo eu arcu.,Yes,Lviv oblast,Ukraine,1,10,$91.17 ,2518,2,#dd718f
M784,10/5/21,7,Nunc Laoreet Industries,in magna. Phasellus,No,Leinster,Netherlands,11,4,$8.74 ,8689,2,#1ea893
F736,4/10/22,3,Ultrices Mauris Associates,gravida mauris ut,No,West Papua,Philippines,15,6,$38.80 ,5901,1,#41d127
U581,6/16/22,0,Lacus Quisque Ltd,"dolor, nonummy ac,",Yes,Mecklenburg-Vorpommern,South Korea,1,4,$10.35 ,7358,1,#e014a6
T205,7/14/21,5,Ligula Eu Company,lobortis tellus justo,Yes,Noord Holland,Poland,11,4,$75.10 ,9911,2,#f920d2
X962,5/2/22,9,Parturient Montes Corporation,"amet, faucibus ut,",Yes,Veneto,Colombia,7,5,$94.26 ,6554,2,#94d358
S998,7/11/21,2,Sollicitudin Adipiscing Ligula LLP,tellus sem mollis,Yes,West Region,Norway,9,3,$93.13 ,8312,1,#e816f7
E333,1/12/22,4,Senectus Et Institute,Nullam scelerisque neque,No,Leinster,United States,5,6,$87.10 ,3318,1,#60e5bb
K679,2/21/22,5,Quisque Fringilla Corporation,Cras eget nisi,Yes,Mexico City,Singapore,3,2,$4.93 ,7404,2,#a978c9
U341,11/10/21,9,Consequat Enim Ltd,"ultricies ornare, elit",No,Kogi,Pakistan,19,7,$22.93 ,4079,2,#ca2cea
J021,8/21/21,4,Vitae Mauris Associates,"et, magna. Praesent",Yes,Vienna,Netherlands,3,4,$69.33 ,2446,1,#f190f9
X127,7/28/22,8,Velit Eget Laoreet Foundation,a nunc. In,Yes,Cordillera Administrative Region,Costa Rica,9,5,$69.26 ,5341,1,#6eeae6
W530,12/1/21,8,Semper Et Lacinia PC,magna. Nam ligula,Yes,Alberta,Spain,1,0,$8.32 ,8257,2,#2bd2d8
E732,1/23/23,2,Egestas Hendrerit Foundation,"semper egestas, urna",No,West Papua,Norway,19,10,$10.39 ,8819,2,#a3253e
J868,2/7/22,5,Erat Nonummy Industries,"iaculis nec, eleifend",No,Ogun,Austria,15,1,$99.13 ,1742,1,#e2268e
N650,3/24/23,6,Dapibus Ligula PC,Suspendisse eleifend. Cras,No,Illinois,Pakistan,5,10,$34.76 ,3396,1,#5e3ab7
J598,6/20/22,8,Vulputate Limited,dictum augue malesuada,Yes,Balochistan,Indonesia,7,2,$93.57 ,9175,2,#4c34b5
P752,2/27/23,6,Ac Urna Ut Industries,nisi nibh lacinia,No,Punjab,Vietnam,13,2,$93.43 ,8613,2,#9ef7e5
B738,4/1/23,0,Amet Massa Quisque Ltd,id nunc interdum,No,Burgenland,South Africa,9,6,$18.23 ,7533,1,#c4f9a7
E926,3/15/23,7,Amet Ornare Ltd,et malesuada fames,No,Western Australia,United Kingdom,17,7,$83.34 ,9398,1,#67efc6
Q119,1/23/22,2,Magna Nec PC,nibh. Quisque nonummy,No,Viken,New Zealand,5,10,$73.46 ,4395,2,#62f7b2
J528,5/22/23,0,Nisi Aenean Eget LLP,aliquam adipiscing lacus.,Yes,Limburg,Chile,5,6,$15.54 ,6037,2,#54f95d
T014,6/2/22,7,Amet Lorem Ltd,velit egestas lacinia.,Yes,Zakarpattia oblast,Nigeria,9,2,$6.02 ,3473,1,#20e5b0
Y252,12/3/22,3,Proin Vel Nisl Consulting,"non, bibendum sed,",Yes,Lima,India,17,8,$35.30 ,6642,1,#38ff26
W423,10/12/22,0,Mollis Vitae LLC,ac orci. Ut,Yes,North Island,United States,13,9,$17.25 ,9624,2,#16d4e5
M647,6/7/23,4,Eros Proin Company,"neque tellus, imperdiet",Yes,Kahramanmaraş,Pakistan,13,7,$65.65 ,6507,2,#f766ff
Q315,1/15/22,0,Lacus Pede Ltd,"a, aliquet vel,",No,Tabasco,Costa Rica,13,6,$74.49 ,7496,1,#bf7322
S127,7/9/22,3,Non Industries,"magna, malesuada vel,",No,West Kalimantan,Pakistan,11,0,$46.02 ,7261,1,#db55c7
B905,8/20/22,1,Pellentesque Tellus Industries,ornare. Fusce mollis.,Yes,Møre og Romsdal,Pakistan,15,8,$24.19 ,9230,2,#b7f794
G118,12/17/21,1,Condimentum Eget Incorporated,ridiculus mus. Donec,No,Styria,France,3,8,$61.74 ,1251,2,#f9a7db
R475,12/14/22,8,Libero Morbi Associates,vitae velit egestas,No,Cagayan Valley,Pakistan,5,2,$69.13 ,8505,1,#7cc132
K886,5/20/22,9,Ut Erat Sed PC,sollicitudin commodo ipsum.,Yes,Hamburg,Brazil,19,6,$95.07 ,9286,1,#e08641
Y936,1/30/23,9,A Dui Cras Associates,sem egestas blandit.,No,South Island,Italy,3,9,$37.27 ,7203,2,#73efa0
F316,7/18/21,8,Ligula Eu Corp.,aliquet libero. Integer,Yes,Rio de Janeiro,South Africa,5,5,$56.00 ,7653,2,#b53515
L874,8/20/22,2,Vulputate Risus Company,metus urna convallis,No,Queensland,New Zealand,9,4,$56.58 ,7034,1,#93081b
V833,7/9/22,7,Ut Molestie Ltd,"lorem, auctor quis,",No,Alberta,Norway,17,6,$16.18 ,4594,1,#f99363
P143,7/24/22,4,Metus Facilisis Industries,"ornare, lectus ante",Yes,East Region,Colombia,9,7,$35.44 ,9691,2,#a7f9cb
Q206,1/14/22,0,Sit LLC,magna a neque.,Yes,Paraná,South Korea,7,2,$52.34 ,8257,2,#f7bee1
Y912,3/13/22,7,Faucibus LLC,consectetuer rhoncus. Nullam,No,Møre og Romsdal,South Korea,11,8,$28.53 ,9338,1,#a31f53
N915,1/28/22,7,Vulputate Eu Corporation,massa non ante,No,Aisén,United States,15,4,$3.26 ,8866,1,#e25d24
J484,3/22/23,4,Fermentum Arcu Vestibulum Associates,tempor bibendum. Donec,No,San José,South Africa,13,9,$51.80 ,2337,2,#ed8d5a
S464,10/28/22,8,Tempor Industries,"enim, sit amet",Yes,North Gyeongsang,Mexico,1,1,$90.69 ,4509,2,#e5d719
T746,4/10/22,0,Augue Eu Tempor LLP,orci lobortis augue,No,Caldas,Italy,5,1,$0.22 ,3969,1,#e82910
T817,8/19/21,3,Rhoncus Foundation,"lacinia vitae, sodales",Yes,Manipur,Mexico,13,1,$88.99 ,7272,1,#c61b96
M849,11/3/21,6,Ultricies Dignissim Industries,consectetuer euismod est,Yes,Sardegna,Vietnam,15,2,$20.20 ,3516,2,#2dbf6a
J686,1/28/22,9,Eu Limited,"felis orci, adipiscing",No,New Brunswick,Indonesia,17,4,$52.65 ,5581,2,#708bea
N782,12/22/22,5,Mi Fringilla Corp.,morbi tristique senectus,Yes,KwaZulu-Natal,Canada,17,2,$44.84 ,6761,1,#f9c0cb
W024,12/15/21,2,Etiam Bibendum Ltd,"amet, consectetuer adipiscing",No,Xīnán,Belgium,15,5,$52.46 ,9233,1,#e894a5
T879,7/5/22,8,Mollis LLC,Cras eget nisi,Yes,West Sulawesi,China,7,9,$27.76 ,9631,2,#96231b
P231,9/26/22,1,Orci Industries,non massa non,Yes,Diyarbakır,Australia,15,1,$33.09 ,5133,2,#9bf2e9
X106,8/28/22,1,Euismod In Corp.,enim nec tempus,Yes,Burgenland,Brazil,11,6,$69.35 ,1873,1,#f7fc5a
M170,5/8/22,5,Mauris Limited,"sollicitudin a, malesuada",Yes,Minas Gerais,Turkey,13,5,$43.63 ,6607,1,#f9bdf2
X417,4/18/23,5,Suspendisse Company,"eget, venenatis a,",Yes,Anambra,South Korea,13,6,$77.76 ,3655,2,#da71f7
D532,10/17/22,1,Ipsum LLP,"mollis non, cursus",No,Munster,Italy,19,0,$67.00 ,1651,2,#ea7eb6
D738,12/21/22,5,Adipiscing Mauris Molestie Institute,eu lacus. Quisque,Yes,San José,Belgium,5,7,$80.22 ,7559,1,#f2ad00
M157,6/5/23,7,Blandit At Foundation,"egestas. Sed pharetra,",No,Southwestern Tagalog Region,Philippines,15,6,$8.23 ,7083,1,#9ce276
P431,10/2/22,8,Porttitor Scelerisque Limited,dolor egestas rhoncus.,Yes,Ogun,Italy,17,1,$40.22 ,3563,2,#44d310
V918,11/20/21,2,Accumsan Inc.,commodo tincidunt nibh.,No,Illinois,Colombia,19,5,$42.65 ,8652,2,#3afccb
O245,1/28/22,1,Ullamcorper Duis Cursus Consulting,velit. Aliquam nisl.,No,Lower Austria,India,19,5,$18.88 ,3289,1,#bce273
L447,8/11/21,5,Dui Fusce Ltd,scelerisque mollis. Phasellus,No,Västra Götalands län,Philippines,17,10,$53.29 ,3610,1,#604bb7
O683,12/28/22,6,Vulputate Risus Foundation,tincidunt nibh. Phasellus,Yes,Special Capital Region of Jakarta,Spain,17,6,$65.81 ,4119,2,#1e72e8
I770,1/26/23,9,Tempus Risus Institute,mattis velit justo,No,Gaziantep,Philippines,1,5,$51.21 ,5643,2,#248087
D229,8/3/22,7,Nec Tempus Mauris Institute,sociis natoque penatibus,No,Tyrol,Pakistan,11,5,$44.55 ,8032,1,#95d660
E151,7/6/22,5,Ornare Lectus Associates,eu tempor erat,Yes,Jeju,South Korea,7,8,$78.52 ,4305,1,#ffb7c1
Z910,1/23/23,9,Sociosqu Associates,"auctor, nunc nulla",No,Cusco,Sweden,13,4,$7.89 ,4189,2,#f7c9bb
U392,7/26/22,4,Quis Urna Institute,felis purus ac,No,Nord-Pas-de-Calais,Indonesia,15,5,$70.05 ,7396,2,#e89baf
R282,6/7/22,0,Varius Nam Porttitor LLP,commodo hendrerit. Donec,Yes,Sơn La,Costa Rica,7,5,$64.27 ,5174,1,#151584
J662,3/23/22,7,Semper Rutrum Fusce Limited,sagittis. Nullam vitae,No,East Region,South Korea,1,2,$18.71 ,1839,1,#70ea84
E161,9/28/22,7,Lorem Ipsum PC,cursus purus. Nullam,Yes,Bourgogne,Mexico,11,4,$50.44 ,7747,2,#7bea35
V630,12/7/22,5,Quis Turpis Vitae Foundation,rutrum lorem ac,No,Chernivtsi oblast,United Kingdom,5,5,$33.61 ,1738,2,#1fc691
L957,8/2/22,2,Consectetuer Mauris Id LLP,ipsum dolor sit,Yes,Tolima,Turkey,13,4,$42.27 ,3782,1,#85c1dd
K709,11/11/22,6,Parturient Montes Ltd,adipiscing lobortis risus.,Yes,Innlandet,France,9,1,$17.77 ,2251,1,#fc926f
X898,6/3/23,5,Penatibus Et Limited,"auctor quis, tristique",Yes,Alberta,Sweden,5,1,$17.45 ,7060,2,#304e8e
W883,4/17/22,9,Mi Felis LLP,tempus risus. Donec,No,Guaviare,Poland,19,6,$88.35 ,5035,2,#16960a
Q641,8/15/21,7,Eleifend Limited,ligula. Donec luctus,No,Piemonte,Costa Rica,3,10,$0.91 ,9102,1,#c91456
J884,11/19/21,2,Pellentesque PC,Nunc ac sem,No,West Nusa Tenggara,Canada,3,5,$86.06 ,3709,1,#d34930
U328,2/28/23,3,Enim Nec Corporation,mollis. Phasellus libero,Yes,Hà Giang,China,13,8,$3.77 ,6460,2,#cc660e
B882,11/16/22,6,A Corp.,purus. Nullam scelerisque,No,Jeju,United Kingdom,9,2,$65.55 ,2742,2,#cbb9f7
Y665,10/2/21,3,Odio Tristique Pharetra LLC,dui. Cum sociis,Yes,East Region,Germany,3,6,$71.10 ,3444,1,#42d3d6
X312,4/9/23,7,Pede Nunc Sed Limited,libero. Donec consectetuer,Yes,Luxemburg,South Korea,9,8,$40.83 ,2183,1,#abe204
H513,8/14/21,4,Orci Phasellus Inc.,purus. Nullam scelerisque,No,Guaviare,Chile,1,0,$18.31 ,5233,2,#70ffcf
H829,9/19/22,1,Litora PC,taciti sociosqu ad,No,Alberta,Ukraine,3,7,$77.24 ,5482,2,#f4e47a
N708,5/15/22,5,Vulputate Lacus LLP,"in, cursus et,",No,South Jeolla,Philippines,7,4,$47.97 ,4007,1,#0f57aa
U253,11/10/21,4,Ipsum Dolor Sit Limited,euismod mauris eu,No,Rivers,Ukraine,15,4,$70.76 ,4910,1,#7c76f2
B814,6/13/22,0,Arcu Imperdiet Ullamcorper Associates,ornare. Fusce mollis.,Yes,Manisa,New Zealand,15,5,$9.29 ,5764,2,#62eacf
I406,10/7/21,4,A Auctor Non LLC,ut odio vel,No,South Australia,Singapore,13,5,$7.99 ,9943,2,#d60c8c
U132,2/17/23,9,Risus At Corp.,malesuada fames ac,Yes,Xīběi,United Kingdom,15,8,$21.97 ,4663,1,#e8c012
T132,5/18/22,9,Morbi Quis Foundation,"bibendum sed, est.",No,Stockholms län,South Korea,13,9,$37.46 ,1882,1,#f3f92f
L176,3/20/22,9,Curae Donec PC,ullamcorper viverra. Maecenas,Yes,Baden Württemberg,Turkey,7,10,$87.18 ,8881,2,#04116b
T051,5/12/22,1,Mauris Ipsum LLC,"parturient montes, nascetur",No,Oxfordshire,Pakistan,3,3,$81.02 ,3590,2,#fce5a1
Y758,8/14/21,5,Suspendisse Eleifend Institute,Aliquam gravida mauris,Yes,Liguria,Costa Rica,9,0,$61.68 ,6234,1,#7ce03e
E321,1/28/22,5,Nulla Aliquet PC,"aliquet nec, imperdiet",Yes,Vaupés,Austria,17,10,$30.10 ,6122,1,#ff44b4
J832,12/3/22,6,Aliquet Diam Inc.,mi eleifend egestas.,No,Zakarpattia oblast,India,17,5,$82.56 ,6937,2,#660c96
B984,5/20/22,8,Eros Nec Limited,molestie pharetra nibh.,Yes,Bắc Giang,South Korea,7,10,$10.41 ,4550,2,#1eb5a1
L072,10/3/22,5,Mauris Corporation,tellus. Phasellus elit,No,Valle d'Aosta,Netherlands,9,4,$53.38 ,5550,1,#134bc4
O225,10/28/22,7,Pharetra Sed Foundation,auctor velit. Aliquam,No,Southwestern Tagalog Region,Turkey,15,0,$5.00 ,4962,1,#5781db
Z480,10/9/21,0,Et Malesuada Associates,"a, auctor non,",No,Swiętokrzyskie,Italy,15,3,$40.48 ,1881,2,#755def
U587,5/28/22,9,Eu Nulla Company,ullamcorper viverra. Maecenas,No,Mexico City,Peru,9,6,$50.65 ,4141,2,#8864ea
U465,8/21/22,9,Sagittis Felis Donec Ltd,"faucibus lectus, a",Yes,Gelderland,Poland,1,3,$13.32 ,8484,1,#70e5cc
J804,8/9/22,1,Eu Eros PC,"felis, adipiscing fringilla,",Yes,Andalucía,United Kingdom,17,9,$51.33 ,3709,1,#85ff7f
B005,5/27/22,3,Quis Lectus Institute,eros. Nam consequat,Yes,Western Australia,Sweden,19,9,$20.68 ,4946,2,#cadb13
Q130,6/22/21,3,Mollis Nec Incorporated,sed orci lobortis,Yes,Valparaíso,Peru,15,4,$50.08 ,8644,2,#b6d0ef
K555,2/8/22,0,Montes Nascetur LLP,Donec est. Nunc,Yes,Rogaland,United States,5,9,$57.53 ,3113,1,#b318ce
M623,2/17/22,7,Suspendisse Tristique Limited,Mauris vel turpis.,Yes,Western Australia,Russian Federation,9,8,$84.58 ,5321,1,#00385b
Q421,7/28/22,8,Amet Ante Institute,amet lorem semper,No,Northwest Territories,Canada,17,8,$63.39 ,6690,2,#f9f39d
D033,2/10/23,4,Donec Tempor Industries,"Aliquam auctor, velit",Yes,Puno,Spain,19,3,$34.67 ,9731,2,#6dcfe8
M727,7/2/21,2,Lorem Vehicula Consulting,mi eleifend egestas.,Yes,Central Visayas,Austria,7,6,$19.22 ,4935,1,#52ce82
N258,6/9/22,5,Arcu Vestibulum Corp.,"sit amet, dapibus",Yes,Rio de Janeiro,Brazil,15,9,$84.33 ,9806,1,#4fd165
N425,1/6/22,4,Sed Associates,enim. Etiam gravida,No,Podlaskie,Turkey,13,9,$43.87 ,5653,2,#bae881
P625,11/27/21,2,Rutrum Lorem PC,"dapibus rutrum, justo.",No,South Jeolla,Indonesia,11,0,$64.61 ,6698,2,#729ddb
H532,4/22/22,0,Nulla Company,vitae sodales nisi,Yes,Imo,Australia,7,2,$82.93 ,8179,1,#15af3b
U485,11/4/22,1,Metus Institute,mauris ut mi.,Yes,Texas,Brazil,17,6,$35.74 ,1274,1,#a3f7cd
Y156,1/3/23,0,Nulla Interdum Limited,vel nisl. Quisque,Yes,Bayern,New Zealand,17,4,$6.59 ,7541,2,#ce0ca1
Q123,5/14/22,5,Ornare Corp.,senectus et netus,Yes,Gyeonggi,Vietnam,3,5,$66.86 ,7768,2,#a68cdb
N229,2/13/23,0,Felis Purus Inc.,eu lacus. Quisque,Yes,Gorontalo,South Africa,7,0,$74.67 ,2339,1,#70d31f
C243,9/18/21,0,Ipsum Non Arcu Limited,"cursus a, enim.",No,Drenthe,Poland,3,2,$34.49 ,1958,1,#54a310
S617,2/28/22,9,Aliquam Limited,lectus ante dictum,No,Khmelnytskyi oblast,Poland,1,8,$75.11 ,6167,2,#ab8ddd
M920,1/26/22,8,Augue Malesuada PC,"viverra. Donec tempus,",Yes,Karnataka,Australia,17,5,$20.68 ,8113,2,#ed236a
V112,2/19/22,8,Gravida Sit PC,enim. Etiam gravida,Yes,Swiętokrzyskie,Singapore,3,9,$66.60 ,4181,1,#f2d3a9
L640,8/20/21,6,Orci Adipiscing LLP,odio. Etiam ligula,Yes,Mpumalanga,Ireland,7,6,$8.86 ,5835,1,#9968dd
V078,6/18/21,1,Auctor Nunc Associates,Vestibulum ante ipsum,No,Michoacán,Singapore,3,1,$21.09 ,2882,2,#8fd14d
X386,7/21/22,8,Vulputate Risus Foundation,velit. Sed malesuada,No,Canarias,Italy,5,9,$43.79 ,5052,2,#db57e0
Y543,11/14/22,9,Mi Lorem Vehicula Corp.,"vel, mauris. Integer",No,Victoria,United Kingdom,13,4,$49.55 ,9581,1,#062c9e
V213,3/13/22,4,Molestie Pharetra Nibh Limited,ipsum primis in,No,Upper Austria,Turkey,9,6,$12.00 ,7445,1,#74e0c1
V857,10/16/22,4,Cursus Company,amet lorem semper,No,Zachodniopomorskie,Singapore,3,5,$9.24 ,4158,2,#1a77ba
B515,6/16/21,3,Laoreet Lectus Corporation,convallis ligula. Donec,Yes,Jalisco,Colombia,7,0,$97.12 ,9224,2,#f486de
L740,2/28/23,6,Suspendisse Non Limited,"mi enim, condimentum",No,Connacht,Canada,1,7,$64.14 ,4064,1,#1cdbbb
I637,11/24/21,0,Nulla Integer Urna Inc.,egestas nunc sed,Yes,Western Visayas,Colombia,7,6,$4.73 ,6015,1,#ff7142
J967,1/16/22,1,Dictum Phasellus In Ltd,malesuada fames ac,Yes,Pays de la Loire,Pakistan,9,7,$91.05 ,5469,2,#7fbcf4
Q704,7/2/22,6,Vulputate Inc.,Vivamus molestie dapibus,Yes,Vorarlberg,United Kingdom,9,1,$65.37 ,1197,2,#fcf894
R820,12/26/22,5,Tellus Eu LLC,"vulputate, nisi sem",Yes,Oost-Vlaanderen,Pakistan,19,5,$60.13 ,5844,1,#e0926b
Q763,11/9/22,0,Nunc Inc.,metus. In nec,No,Balıkesir,Spain,13,5,$10.26 ,4868,1,#ffff99
Q811,4/30/23,9,Nec Mollis Vitae Foundation,tincidunt adipiscing. Mauris,No,Rheinland-Pfalz,Norway,11,3,$11.16 ,8288,2,#24cca4
K187,8/16/21,3,Magna Suspendisse Corp.,"est, mollis non,",Yes,Kharkiv oblast,Costa Rica,17,9,$58.54 ,4247,2,#bdffaf
Y177,7/29/21,0,Dui Nec Tempus Foundation,litora torquent per,No,Central Sulawesi,Turkey,17,3,$61.41 ,4377,1,#56ef65
W411,10/4/21,6,Torquent Foundation,fringilla mi lacinia,No,East Region,Mexico,15,6,$99.33 ,5176,1,#ef75d3
H936,5/10/22,4,Vulputate Lacus Cras Limited,dictum sapien. Aenean,Yes,North Chungcheong,New Zealand,3,9,$23.01 ,3465,2,#f9b8f6
E345,7/16/21,9,Accumsan Convallis Ante Foundation,semper cursus. Integer,No,Calabarzon,South Africa,5,0,$32.41 ,2985,2,#a02010